{
  "detailed_results_last_letters_train25_val25_epochs20_batch3_steps3_seed12": {
    "file": "detailed_results_last_letters_train25_val25_epochs20_batch3_steps3_seed12.csv",
    "num_rows": 1500,
    "num_features": 12,
    "ate_results": {
      "Clarity": {
        "ate": 0.023384878071744615
      },
      "Engagement": {
        "ate": 0.023384878071744615
      },
      "Politeness": {
        "ate": 0.025282223763537136
      },
      "Intrinsic_load": {
        "ate": 0.09466667293871213
      },
      "Extraneous_load": {
        "ate": 0.01866667607325849
      },
      "Encourage_germane_load": {
        "ate": 0.025875720426645366
      },
      "Objectives": {
        "ate": 0.03466669131541092
      },
      "Metacognition": {
        "ate": -0.012000052821580072
      },
      "Demos": {
        "ate": 0.09466667293871213
      },
      "Structural_logic": {
        "ate": 0.0387180188192275
      },
      "Contextual_logic": {
        "ate": 0.0387180188192275
      },
      "Hallucination_awareness": {
        "ate": 0.014000515486762566
      }
    }
  },
  "detailed_results_CommonsenseQA_train25_val25_epochs20_batch3_steps3_seed12": {
    "file": "detailed_results_CommonsenseQA_train25_val25_epochs20_batch3_steps3_seed12.csv",
    "num_rows": 2221,
    "num_features": 12,
    "ate_results": {
      "Clarity": {
        "ate": 0.06068460063342372
      },
      "Engagement": {
        "ate": -0.020431982942326985
      },
      "Politeness": {
        "ate": -0.02041480212991263
      },
      "Intrinsic_load": {
        "ate": 0.02718607984081652
      },
      "Extraneous_load": {
        "ate": -0.01390731293926319
      },
      "Encourage_germane_load": {
        "ate": -0.035831013563059164
      },
      "Objectives": {
        "ate": 0.01818297725361982
      },
      "Metacognition": {
        "ate": -0.0004927665676788375
      },
      "Demos": {
        "ate": -0.0038385786893625957
      },
      "Structural_logic": {
        "ate": -0.0006850819262951878
      },
      "Contextual_logic": {
        "ate": 0.013725030174729012
      },
      "Hallucination_awareness": {
        "ate": -0.00023496770499316155
      }
    }
  },
  "detailed_results_CommonsenseQA_train10_val10_epochs20_seed12": {
    "file": "detailed_results_CommonsenseQA_train10_val10_epochs20_seed12.csv",
    "num_rows": 1621,
    "num_features": 12,
    "ate_results": {
      "Clarity": {
        "ate": 0.03285008640516987
      },
      "Engagement": {
        "ate": -0.018154024474867744
      },
      "Politeness": {
        "ate": 0.01915640816754953
      },
      "Intrinsic_load": {
        "ate": 0.01915640816754953
      },
      "Extraneous_load": {
        "ate": 0.01915640816754953
      },
      "Encourage_germane_load": {
        "ate": 0.01915640816754953
      },
      "Objectives": {
        "ate": 0.01915640816754953
      },
      "Metacognition": {
        "ate": 0.01915640816754953
      },
      "Demos": {
        "ate": 0.03285008640516987
      },
      "Structural_logic": {
        "ate": 0.03285008640516987
      },
      "Contextual_logic": {
        "ate": 0.03285008640516987
      },
      "Hallucination_awareness": {
        "ate": 0.01915640816754953
      }
    }
  },
  "detailed_results_date_understanding_train25_val25_epochs20_batch3_steps3_seed12": {
    "file": "detailed_results_date_understanding_train25_val25_epochs20_batch3_steps3_seed12.csv",
    "num_rows": 1250,
    "num_features": 12,
    "ate_results": {
      "Clarity": {
        "ate": -0.9477654683674663
      },
      "Engagement": {
        "ate": 0.1158049904855953
      },
      "Politeness": {
        "ate": 0.05335850038595681
      },
      "Intrinsic_load": {
        "ate": -0.06831817404966213
      },
      "Extraneous_load": {
        "ate": 0.02975382687244321
      },
      "Encourage_germane_load": {
        "ate": -0.021750117717248163
      },
      "Objectives": {
        "ate": 0.03186046347548682
      },
      "Metacognition": {
        "ate": -0.03433078708698177
      },
      "Demos": {
        "ate": 0.0312697503163874
      },
      "Structural_logic": {
        "ate": -0.03186620761233886
      },
      "Contextual_logic": {
        "ate": -0.9477940620243449
      },
      "Hallucination_awareness": {
        "ate": 0.003120908754503057
      }
    }
  },
  "detailed_results_last_letters_train10_val10_epochs20_batch3_steps3_seed12": {
    "file": "detailed_results_last_letters_train10_val10_epochs20_batch3_steps3_seed12.csv",
    "num_rows": 900,
    "num_features": 12,
    "ate_results": {
      "Clarity": {
        "ate": -0.025096677713806255
      },
      "Engagement": {
        "ate": -0.022059842725058572
      },
      "Politeness": {
        "ate": -0.023769944946161494
      },
      "Intrinsic_load": {
        "ate": -0.03880016754283937
      },
      "Extraneous_load": {
        "ate": -0.023046923558898865
      },
      "Encourage_germane_load": {
        "ate": -0.03880016754283937
      },
      "Objectives": {
        "ate": -0.0360515387665858
      },
      "Metacognition": {
        "ate": -0.023769944946161494
      },
      "Demos": {
        "ate": -0.03880016754283937
      },
      "Structural_logic": {
        "ate": -0.025096677713806255
      },
      "Contextual_logic": {
        "ate": -0.025096677713806255
      },
      "Hallucination_awareness": {
        "ate": -0.020823368581298022
      }
    }
  },
  "detailed_results_disambiguation_qa_train50_val50_epochs20_batch3_steps3_seed12": {
    "file": "detailed_results_disambiguation_qa_train50_val50_epochs20_batch3_steps3_seed12.csv",
    "error": "Treatment vector must have at least two levels.",
    "status": "failed"
  },
  "detailed_results_causal_judgement_train10_val10_epochs10_batch3_steps3_seed12": {
    "file": "detailed_results_causal_judgement_train10_val10_epochs10_batch3_steps3_seed12.csv",
    "num_rows": 387,
    "num_features": 12,
    "ate_results": {
      "Clarity": {
        "ate": 0.021151800439033183
      },
      "Engagement": {
        "ate": 0.13750902052631436
      },
      "Politeness": {
        "ate": -0.025580277342948435
      },
      "Intrinsic_load": {
        "ate": -0.006588367320681583
      },
      "Extraneous_load": {
        "ate": -0.022996850773145627
      },
      "Encourage_germane_load": {
        "ate": 0.007382722450564323
      },
      "Objectives": {
        "ate": 0.13750902052631436
      },
      "Metacognition": {
        "ate": -0.005454171663428247
      },
      "Demos": {
        "ate": 0.007465215562548246
      },
      "Structural_logic": {
        "ate": 0.03941989460792617
      },
      "Contextual_logic": {
        "ate": 0.03941989460792617
      },
      "Hallucination_awareness": {
        "ate": -0.029812983297629277
      }
    }
  },
  "detailed_results_date_understanding_train10_val10_epochs20_batch3_steps3_seed12": {
    "file": "detailed_results_date_understanding_train10_val10_epochs20_batch3_steps3_seed12.csv",
    "num_rows": 650,
    "num_features": 12,
    "ate_results": {
      "Clarity": {
        "ate": -0.9122510472978015
      },
      "Engagement": {
        "ate": -0.06371876116111796
      },
      "Politeness": {
        "ate": -0.03884585888618366
      },
      "Intrinsic_load": {
        "ate": -0.06406220546596904
      },
      "Extraneous_load": {
        "ate": -0.0808667318567383
      },
      "Encourage_germane_load": {
        "ate": -0.03183784277524635
      },
      "Objectives": {
        "ate": 0.06953994822417624
      },
      "Metacognition": {
        "ate": -0.03530861691095235
      },
      "Demos": {
        "ate": -0.035683219452533124
      },
      "Structural_logic": {
        "ate": 0.06515847001330528
      },
      "Contextual_logic": {
        "ate": 0.1728698291849641
      },
      "Hallucination_awareness": {
        "ate": -0.05821985104836941
      }
    }
  },