{
  "TextGrad_results_disambiguation_qa_train25_val25_epochs20_batch3_steps3_seed12": {
    "file": "TextGrad_results_disambiguation_qa_train25_val25_epochs20_batch3_steps3_seed12.csv",
    "num_rows": 1750,
    "num_features": 12,
    "ate_results": {
      "Clarity": {
        "ate": -0.009255440251820474
      },
      "Engagement": {
        "ate": 0.016790080829757116
      },
      "Politeness": {
        "ate": 0.022793510086141933
      },
      "Intrinsic_load": {
        "ate": 0.0013995560679761253
      },
      "Extraneous_load": {
        "ate": 0.006159297093165754
      },
      "Encourage_germane_load": {
        "ate": 0.01693148655533875
      },
      "Objectives": {
        "ate": 0.009871883666124582
      },
      "Metacognition": {
        "ate": -0.02407885562820883
      },
      "Demos": {
        "ate": -0.019717202961179375
      },
      "Structural_logic": {
        "ate": 0.016575715258408445
      },
      "Contextual_logic": {
        "ate": -0.015109460213345896
      },
      "Hallucination_awareness": {
        "ate": 0.023428366928732267
      }
    }
  },
  "TextGrad_results_last_letters_train25_val25_epochs20_batch3_steps3_seed12": {
    "file": "TextGrad_results_last_letters_train25_val25_epochs20_batch3_steps3_seed12.csv",
    "num_rows": 2000,
    "num_features": 12,
    "ate_results": {
      "Clarity": {
        "ate": 0.008435016143024504
      },
      "Engagement": {
        "ate": 0.011176451061211172
      },
      "Politeness": {
        "ate": 0.01908333316378128
      },
      "Intrinsic_load": {
        "ate": 0.019201306088834108
      },
      "Extraneous_load": {
        "ate": 0.04882365036403178
      },
      "Encourage_germane_load": {
        "ate": -0.02080295635877152
      },
      "Objectives": {
        "ate": 0.04955657861748883
      },
      "Metacognition": {
        "ate": 0.031114528016801948
      },
      "Demos": {
        "ate": -0.06988899491330157
      },
      "Structural_logic": {
        "ate": -0.019649694648107327
      },
      "Contextual_logic": {
        "ate": -0.007707729935453853
      },
      "Hallucination_awareness": {
        "ate": 0.0326466451128316
      }
    }
  },
  "TextGrad_results_GSM8K_train25_val25_epochs20_batch3_steps3_seed12": {
    "file": "TextGrad_results_GSM8K_train25_val25_epochs20_batch3_steps3_seed12.csv",
    "num_rows": 2819,
    "num_features": 12,
    "ate_results": {
      "Clarity": {
        "ate": -0.0336472158521176
      },
      "Engagement": {
        "ate": 0.03780442429524792
      },
      "Politeness": {
        "ate": -0.031579138565812986
      },
      "Intrinsic_load": {
        "ate": 0.034590543461771595
      },
      "Extraneous_load": {
        "ate": -0.0320697537461585
      },
      "Encourage_germane_load": {
        "ate": -0.03501573039242749
      },
      "Objectives": {
        "ate": 0.03515616437245476
      },
      "Metacognition": {
        "ate": 0.037965307989190115
      },
      "Demos": {
        "ate": -0.9644807557280052
      },
      "Structural_logic": {
        "ate": -0.03453160557847519
      },
      "Contextual_logic": {
        "ate": -0.04691808919617238
      },
      "Hallucination_awareness": {
        "ate": 0.035972965421066386
      }
    }
  },
  "TextGrad_results_StrategyQA_train25_val25_epochs20_batch3_steps3_seed12": {
    "file": "TextGrad_results_StrategyQA_train25_val25_epochs20_batch3_steps3_seed12.csv",
    "num_rows": 3790,
    "num_features": 12,
    "ate_results": {
      "Clarity": {
        "ate": -0.05354368538408807
      },
      "Engagement": {
        "ate": -0.06223441254253475
      },
      "Politeness": {
        "ate": -0.05838735313294473
      },
      "Intrinsic_load": {
        "ate": -0.059399629669371956
      },
      "Extraneous_load": {
        "ate": 0.036546335147160415
      },
      "Encourage_germane_load": {
        "ate": -0.066168932358781
      },
      "Objectives": {
        "ate": -0.009593738662544376
      },
      "Metacognition": {
        "ate": -0.027477520810194774
      },
      "Demos": {
        "ate": 0.05660532382403461
      },
      "Structural_logic": {
        "ate": -0.13843637661517566
      },
      "Contextual_logic": {
        "ate": -0.030767709972468575
      },
      "Hallucination_awareness": {
        "ate": -0.035391185074389694
      }
    }
  },
  "TextGrad_results_boolean_expressions_train25_val25_epochs20_batch3_steps3_seed12": {
    "file": "TextGrad_results_boolean_expressions_train25_val25_epochs20_batch3_steps3_seed12.csv",
    "num_rows": 1750,
    "num_features": 12,
    "ate_results": {
      "Clarity": {
        "ate": 0.009559910553759685
      },
      "Engagement": {
        "ate": -0.03275576044738453
      },
      "Politeness": {
        "ate": -0.0034860731294663614
      },
      "Intrinsic_load": {
        "ate": 0.001182058579472843
      },
      "Extraneous_load": {
        "ate": -0.0009679623256238976
      },
      "Encourage_germane_load": {
        "ate": -0.006109565335956789
      },
      "Objectives": {
        "ate": 0.003199828664489529
      },
      "Metacognition": {
        "ate": 0.00967709073060392
      },
      "Demos": {
        "ate": -0.016227343880583382
      },
      "Structural_logic": {
        "ate": 0.024674153389657196
      },
      "Contextual_logic": {
        "ate": 0.004294589328009637
      },
      "Hallucination_awareness": {
        "ate": -0.01388334005783568
      }
    }
  },
  "TextGrad_results_CommonsenseQA_train25_val25_epochs20_batch3_steps3_seed12": {
    "file": "TextGrad_results_CommonsenseQA_train25_val25_epochs20_batch3_steps3_seed12.csv",
    "num_rows": 2721,
    "num_features": 12,
    "ate_results": {
      "Clarity": {
        "ate": 0.026802244133127973
      },
      "Engagement": {
        "ate": -0.012969226403834255
      },
      "Politeness": {
        "ate": 0.03548834161839851
      },
      "Intrinsic_load": {
        "ate": -0.04138467060010065
      },
      "Extraneous_load": {
        "ate": 0.006459215081217817
      },
      "Encourage_germane_load": {
        "ate": -0.03269168222272192
      },
      "Objectives": {
        "ate": 0.012351322938897227
      },
      "Metacognition": {
        "ate": 0.028430693598009663
      },
      "Demos": {
        "ate": -0.029724448360793427
      },
      "Structural_logic": {
        "ate": 0.012731980005103729
      },
      "Contextual_logic": {
        "ate": -0.03737692267138108
      },
      "Hallucination_awareness": {
        "ate": -0.03986981907916965
      }
    }
  },
  "TextGrad_results_causal_judgement_train25_val25_epochs20_batch3_steps3_seed12": {
    "file": "TextGrad_results_causal_judgement_train25_val25_epochs20_batch3_steps3_seed12.csv",
    "num_rows": 1687,
    "num_features": 12,
    "ate_results": {
      "Clarity": {
        "ate": -0.02508893649108652
      },
      "Engagement": {
        "ate": -0.006795102896154158
      },
      "Politeness": {
        "ate": 0.027470905380672213
      },
      "Intrinsic_load": {
        "ate": 0.007890464432382128
      },
      "Extraneous_load": {
        "ate": 0.0074591792289401965
      },
      "Encourage_germane_load": {
        "ate": 0.01219103171917556
      },
      "Objectives": {
        "ate": -0.012744569970431706
      },
      "Metacognition": {
        "ate": -0.01570263258946578
      },
      "Demos": {
        "ate": 0.0043714352773075536
      },
      "Structural_logic": {
        "ate": 0.011835299113149655
      },
      "Contextual_logic": {
        "ate": 0.023215914810278966
      },
      "Hallucination_awareness": {
        "ate": 0.008087603061487012
      }
    }
  },
  "TextGrad_results_date_understanding_train25_val25_epochs20_batch3_steps3_seed12": {
    "file": "TextGrad_results_date_understanding_train25_val25_epochs20_batch3_steps3_seed12.csv",
    "num_rows": 1750,
    "num_features": 12,